nA,nB,nb_instances,optimal_%,diff_abs_moyenne,ratio_moyen,gap_moyen_%,temps_exact_moyen_ms,temps_heur_moyen_ms
5,5,50,82.0,1.84,1.032363,3.2363,4.5972,0.1228
10,10,50,72.0,12.5,1.063916,6.3916,36.542,0.4257
20,20,50,48.0,49.82,1.067329,6.7329,544.5407,1.8444
30,30,50,56.0,153.2,1.094595,9.4595,2785.5086,3.959
40,40,50,60.0,291.94,1.094797,9.4797,9333.3019,6.7125
50,50,50,50.0,670.54,1.14058,14.058,22424.0744,11.1254
60,60,50,48.0,646.48,1.095639,9.5639,54861.3479,15.8182
70,70,50,44.0,1063.28,1.113072,11.3072,94970.0894,23.1783
