nA,nB,nb_instances,optimal_%,diff_abs_moyenne,ratio_moyen,gap_moyen_%,temps_exact_moyen_ms,temps_heur_moyen_ms
5,5,50,68.0,2.46,1.034005,3.4005,2.743,0.0997
10,10,50,60.0,14.4,1.066777,6.6777,17.9187,0.3374
20,20,50,42.0,56.6,1.057658,5.7658,110.7515,1.2587
30,30,50,20.0,232.48,1.106936,10.6936,486.7556,3.0627
40,40,50,30.0,335.2,1.096087,9.6087,1117.5655,5.3508
50,50,50,26.0,635.26,1.119939,11.9939,2357.6624,8.7197
60,60,50,24.0,751.22,1.103434,10.3434,4363.6353,12.8386
70,70,50,22.0,1362.36,1.126774,12.6774,7197.8915,18.7173
